Answer,Intent
Can I change my account email address?," ""user_account_change_email"""
How do I update my email associated with the account?," ""user_account_change_email"""
I need to change the email on my account. How can I do that?," ""user_account_change_email"""
What's the process for updating my account email?," ""user_account_change_email"""
Is it possible to modify the email address linked to my account?," ""user_account_change_email"""
Where can I go to change my account email?," ""user_account_change_email"""
I want to change the email I use for my account. What should I do?," ""user_account_change_email"""
How can I switch the email address on my account?," ""user_account_change_email"""
Tell me the steps to update my account email.," ""user_account_change_email"""
Is there a way to edit the email address linked to my account?," ""user_account_change_email"""
I'm looking to update the email on my account. Any guidance?," ""user_account_change_email"""
Can you guide me through changing the email associated with my account?," ""user_account_change_email"""
What's the procedure for changing the email address on my account?," ""user_account_change_email"""
How do I go about changing my account's email?," ""user_account_change_email"""
Where in my account settings can I change my email?," ""user_account_change_email"""
I need assistance with updating the email on my account. Help?," ""user_account_change_email"""
Can you help me modify the email address linked to my account?," ""user_account_change_email"""
I want to switch the email associated with my account. How can I do it?," ""user_account_change_email"""
Is it possible to change the email address I used to create my account?," ""user_account_change_email"""
Tell me the steps to change the email on my user account.," ""user_account_change_email"""
Can you provide guidance on updating the email linked to my account?," ""user_account_change_email"""
How can I edit the email address on my account profile?," ""user_account_change_email"""
I'm having trouble updating my account email. What should I do?," ""user_account_change_email"""
Is there an option to change the email linked to my account settings?," ""user_account_change_email"""
I need to modify the email on my account. Any instructions?," ""user_account_change_email"""
Where can I find the option to change my account's email address?," ""user_account_change_email"""
Can you walk me through the process of changing my account email?," ""user_account_change_email"""
How do I go about updating the email associated with my account?," ""user_account_change_email"""
I want to change my account email. How can I do that?," ""user_account_change_email"""
Is there a way to change the email address on my user account?," ""user_account_change_email"""
What steps do I need to take to change the email on my account?," ""user_account_change_email"""
Can you guide me on changing the email address linked to my account?," ""user_account_change_email"""
I need assistance with changing the email on my account. Can you help?," ""user_account_change_email"""
Where in my account settings can I modify my email address?," ""user_account_change_email"""
I'm having trouble changing my account email. Any advice?," ""user_account_change_email"""
Is it possible to modify the email address I used to sign up for my account?," ""user_account_change_email"""
Tell me the steps to modify the email on my user account.," ""user_account_change_email"""
Can you provide guidance on changing the email linked to my account?," ""user_account_change_email"""
How can I edit the email address on my account details?," ""user_account_change_email"""
I'm struggling with updating my account email. What should I do?," ""user_account_change_email"""
Is there an option to modify the email linked to my account settings?," ""user_account_change_email"""
I need to change the email on my account. Any instructions?," ""user_account_change_email"""
Where can I find the option to modify my account's email address?," ""user_account_change_email"""
Can you walk me through the process of modifying my account email?," ""user_account_change_email"""
How do I go about changing the email associated with my account?," ""user_account_change_email"""
I want to modify my account email. How can I do that?," ""user_account_change_email"""
Is there a way to modify the email address on my user account?," ""user_account_change_email"""
What steps do I need to take to modify the email on my account?," ""user_account_change_email"""
Can you guide me on modifying the email address linked to my account?," ""user_account_change_email"""
I need assistance with modifying the email on my account. Can you help?," ""user_account_change_email"""
Where in my account settings can I change my email address?," ""user_account_change_email"""
I'm having trouble modifying my account email. Any advice?," ""user_account_change_email"""
Is it possible to change the email address I used to register for my account?," ""user_account_change_email"""
I'm having difficulty updating my account email. What should I do?," ""user_account_change_email"""
How can I edit the email address associated with my profile?," ""user_account_change_email"""
Tell me the steps to change the email on my account.," ""user_account_change_email"""
I want to update my email. How do I go about it?," ""user_account_change_email"""
Can you guide me on changing my account email?," ""user_account_change_email"""
What are the instructions for changing my email address?," ""user_account_change_email"""
Where can I find the option to update my email?," ""user_account_change_email"""
I'm looking to change my account email. How can I proceed?," ""user_account_change_email"""
Is there a specific page for changing email details?," ""user_account_change_email"""
Please provide steps for updating my email on the platform.," ""user_account_change_email"""
How frequently can I change my account email?," ""user_account_change_email"""
Is there a limit on how many times I can update my email?," ""user_account_change_email"""
I want to switch to a new email. What's the process?," ""user_account_change_email"""
Can I change my email without verifying it again?," ""user_account_change_email"""
What happens to my account information when I change my email?," ""user_account_change_email"""
Is there a confirmation step after changing my account email?," ""user_account_change_email"""
Where can I check the status of my email change request?," ""user_account_change_email"""
I'm having trouble changing my email. Can you assist?," ""user_account_change_email"""
Are there any restrictions on the type of email I can use?," ""user_account_change_email"""
How long does it take for the email change to take effect?," ""user_account_change_email"""
What should I do if I didn't receive the email change confirmation?," ""user_account_change_email"""
Can I change my email to an address I used before?," ""user_account_change_email"""
I want to revert to my previous email. Is that possible?," ""user_account_change_email"""
Is it necessary to log out and log back in after changing my email?," ""user_account_change_email"""
Does changing my email affect my account settings?," ""user_account_change_email"""
How can I ensure the security of my account during the email change?," ""user_account_change_email"""
Can I use an email alias instead of changing my primary email?," ""user_account_change_email"""
What happens if I accidentally entered the wrong email during the change?," ""user_account_change_email"""
I'm concerned about security. Can you explain the verification process?," ""user_account_change_email"""
Are there any restrictions on the email providers I can use?," ""user_account_change_email"""
Is it possible to change my email on the mobile app?," ""user_account_change_email"""
Can I change my email using the customer support service?," ""user_account_change_email"""
I need assistance with the email change process. How can I contact support?," ""user_account_change_email"""
What information do I need to provide when changing my email?," ""user_account_change_email"""
Are there any fees associated with changing my account email?," ""user_account_change_email"""
Can I change my email if I've forgotten my password?," ""user_account_change_email"""
"I want to update my email, but I don't remember my security questions."," ""user_account_change_email"""
Is it possible to change my email without logging into my account?," ""user_account_change_email"""
Can I request an email change through a phone call?," ""user_account_change_email"""
I received a notification about my email change. Is it legitimate?," ""user_account_change_email"""
How can I check the status of my pending email change?," ""user_account_change_email"""
Is there a specific time frame during which I can request an email change?," ""user_account_change_email"""
What should I do if I change my mind after initiating the email change?," ""user_account_change_email"""
Can I change my email from a different device?," ""user_account_change_email"""
What are the reasons my email change request might be denied?," ""user_account_change_email"""
"I changed my email, but I'm not receiving notifications. What's wrong?"," ""user_account_change_email"""
How can I make sure that my emails are not marked as spam after the change?," ""user_account_change_email"""
Can I change my email if my account is currently suspended?," ""user_account_change_email"""
Is there a cooldown period between consecutive email changes?," ""user_account_change_email"""
Can I use an email address associated with another account?," ""user_account_change_email"""
I want to switch to a corporate email. Is that allowed?," ""user_account_change_email"""
Does the email change affect my subscription or premium features?," ""user_account_change_email"""
Can I change my email if I'm part of a family account?," ""user_account_change_email"""
Are there any age restrictions for changing the email on my account?," ""user_account_change_email"""
"I changed my email, but my profile picture is not updating. Why is that?"," ""user_account_change_email"""
"I updated my email, but my username is still showing the old one. How to fix it?"," ""user_account_change_email"""
Can I change my email without providing my full name?," ""user_account_change_email"""
Is it possible to change my email if I'm using a temporary one?," ""user_account_change_email"""
Can I change my email if I have pending transactions or orders?," ""user_account_change_email"""
Will my email preferences be retained after the change?," ""user_account_change_email"""
"I changed my email, but my account preferences were reset. What happened?"," ""user_account_change_email"""
Can I change my email if my account is linked to social media?," ""user_account_change_email"""
I want to update my email to improve account security. Any recommendations?," ""user_account_change_email"""
Is there a limit on the length of the new email address?," ""user_account_change_email"""
I received a security alert after changing my email. What should I do?," ""user_account_change_email"""
How can I confirm that my email change was successful?," ""user_account_change_email"""
Can I use a custom domain email for my account?," ""user_account_change_email"""
Is there a grace period to undo the email change if I encounter issues?," ""user_account_change_email"""
"I changed my email, but I'm not receiving the verification code. What's wrong?"," ""user_account_change_email"""
Can I use an email associated with a different country for my account?," ""user_account_change_email"""
"I updated my email, but my account history seems to be missing. Is this normal?"," ""user_account_change_email"""
Can I change my email while I have an ongoing support ticket?," ""user_account_change_email"""
Is there an option to schedule an email change for a future date?," ""user_account_change_email"""
I want to change my email to match my new username. Is that possible?," ""user_account_change_email"""
Can I change my email if I'm part of a beta testing program?," ""user_account_change_email"""
"I updated my email, but my account balance is not reflecting the change. Why?"," ""user_account_change_email"""
Can I change my email if I have a shared account with others?," ""user_account_change_email"""
I'm traveling and need to update my email. Can I do it from a different location?," ""user_account_change_email"""
Is there a limit on the number of characters in the new email address?," ""user_account_change_email"""
Can I change my email if my account is associated with a business?," ""user_account_change_email"""
"I changed my email, but I'm not receiving the newsletter. How to fix it?"," ""user_account_change_email"""
How can I ensure that important emails are not lost during the change?," ""user_account_change_email"""
Can I change my email if my account is part of a loyalty program?," ""user_account_change_email"""
Is there a limit on how frequently I can request an email change?," ""user_account_change_email"""
"I changed my email, but my account level and permissions are not updated. Why?"," ""user_account_change_email"""
Can I change my email if my account is connected to third-party services?," ""user_account_change_email"""
"I updated my email, but my account recovery options remain the same. Is this normal?"," ""user_account_change_email"""
Is there an option to receive notifications about the email change status?," ""user_account_change_email"""
"I changed my email, but my account profile details are not updated. How can I fix it?"," ""user_account_change_email"""
Can I change my email if I have an active subscription?," ""user_account_change_email"""
Is there a limit on the number of email changes I can make in a year?," ""user_account_change_email"""
Is it possible to change my email while I have pending transactions or orders?," ""user_account_change_email"""
How quickly does the email change take effect?," ""user_account_change_email"""
Can I change my email to an alias instead of a primary address?," ""user_account_change_email"""
What happens if I forget to update my email after the change?," ""user_account_change_email"""
I'm not receiving the verification code after changing my email. What should I do?," ""user_account_change_email"""
Can I revert to my previous email if I encounter issues with the new one?," ""user_account_change_email"""
"I want to change my email, but I'm not sure if it's the right decision. Any advice?"," ""user_account_change_email"""
What precautions should I take before initiating an email change?," ""user_account_change_email"""
Is there an option to receive a confirmation email before finalizing the change?," ""user_account_change_email"""
"I updated my email, but my account notifications are going to the old address. Why?"," ""user_account_change_email"""
Can I change my email to an address associated with a different language?," ""user_account_change_email"""
Is it possible to have multiple email addresses linked to one account?," ""user_account_change_email"""
"I changed my email, but my account preferences are not reflecting the update. How to fix it?"," ""user_account_change_email"""
Can I change my email if I have a custom domain associated with my account?," ""user_account_change_email"""
I received a notification about an email change request that I didn't initiate. What should I do?," ""user_account_change_email"""
Is there an option to cancel the email change request after it's initiated?," ""user_account_change_email"""
I'm concerned about privacy. How is my old email address handled after the change?," ""user_account_change_email"""
Can I change my email if I have an ongoing dispute or issue with the account?," ""user_account_change_email"""
"I changed my email, but I'm not receiving the account verification emails. How to troubleshoot?"," ""user_account_change_email"""
Is there a limit on the number of email change requests I can make in a month?," ""user_account_change_email"""
How can I update my email if I no longer have access to the old email address?," ""user_account_change_email"""
"I changed my email, but I'm not receiving the newsletter. How can I fix this?"," ""user_account_change_email"""
Can I change my email on multiple accounts using the same address?," ""user_account_change_email"""
What happens to emails sent to my old address after I change it?," ""user_account_change_email"""
Is there a grace period during which I can undo the email change?," ""user_account_change_email"""
"I changed my email, but my account balance is not updating. What should I do?"," ""user_account_change_email"""
Can I change my email if my account is associated with a username instead of a real name?," ""user_account_change_email"""
How often should I update my email address for security reasons?," ""user_account_change_email"""
"I updated my email, but my account recovery options are not reflecting the change. Why?"," ""user_account_change_email"""
Is it possible to change my email while my account is under review?," ""user_account_change_email"""
I want to change my email to match my new account username. Can I do that?," ""user_account_change_email"""
How can I ensure that important emails are not lost during the email change process?," ""user_account_change_email"""
"I changed my email, but my account history is not updating. Is this normal?"," ""user_account_change_email"""
Is there an option to receive notifications about the status of my email change request?," ""user_account_change_email"""
"I updated my email, but my account profile details are not reflecting the change. How can I fix this?"," ""user_account_change_email"""
Is it possible to change my email if I have an active subscription?," ""user_account_change_email"""
Can I change my email if my account is part of a beta testing program?," ""user_account_change_email"""
Is it advisable to change my email during peak hours on the platform?," ""user_account_change_email"""
"I changed my email, but my account level and permissions are not updating. What should I do?"," ""user_account_change_email"""
How can I change my account password?," ""user_account_change_password"""
What's the process for updating my password?," ""user_account_change_password"""
I forgot my password. How can I reset it?," ""user_account_reset_password"""
Is there a specific page for changing passwords?," ""user_account_change_password"""
Tell me the steps to change my account password.," ""user_account_change_password"""
I want to update my password. How do I go about it?," ""user_account_change_password"""
Can you guide me on changing my account password?," ""user_account_change_password"""
What are the instructions for changing my password?," ""user_account_change_password"""
Where can I find the option to update my password?," ""user_account_change_password"""
I'm looking to change my account password. How can I proceed?," ""user_account_change_password"""
Is there a confirmation step after changing my account password?," ""user_account_change_password"""
How frequently can I change my account password?," ""user_account_change_password"""
Is there a limit on how many times I can update my password?," ""user_account_change_password"""
I want to switch to a stronger password. What's the process?," ""user_account_change_password"""
Can I change my password without verifying it again?," ""user_account_change_password"""
What happens to my account information when I change my password?," ""user_account_change_password"""
Where can I check the status of my password change request?," ""user_account_change_password"""
I'm having trouble changing my password. Can you assist?," ""user_account_change_password"""
Are there any restrictions on the type of password I can use?," ""user_account_change_password"""
How long does it take for the password change to take effect?," ""user_account_change_password"""
What should I do if I didn't receive the password change confirmation?," ""user_account_change_password"""
"I want to change my password, but I'm not sure how to create a strong one. Any tips?"," ""user_account_change_password"""
Can I change my password to one I used before?," ""user_account_change_password"""
I want to revert to my previous password. Is that possible?," ""user_account_change_password"""
Is it necessary to log out and log back in after changing my password?," ""user_account_change_password"""
Does changing my password affect my account settings?," ""user_account_change_password"""
How can I ensure the security of my account during the password change?," ""user_account_change_password"""
Can I use a passphrase instead of a traditional password?," ""user_account_change_password"""
What happens if I accidentally entered the wrong password during the change?," ""user_account_change_password"""
Are there any restrictions on the characters I can use in my password?," ""user_account_change_password"""
Is it possible to change my password on the mobile app?," ""user_account_change_password"""
Can I change my password using the customer support service?," ""user_account_change_password"""
I need assistance with the password change process. How can I contact support?," ""user_account_change_password"""
What information do I need to provide when changing my password?," ""user_account_change_password"""
Are there any fees associated with changing my account password?," ""user_account_change_password"""
Can I change my password if I've forgotten my current one?," ""user_account_change_password"""
"I want to update my password, but I don't remember my security questions."," ""user_account_change_password"""
Is it possible to change my password without logging into my account?," ""user_account_change_password"""
Can I request a password change through a phone call?," ""user_account_change_password"""
I received a notification about my password change. Is it legitimate?," ""user_account_change_password"""
How can I check the status of my pending password change?," ""user_account_change_password"""
Is there a specific time frame during which I can request a password change?," ""user_account_change_password"""
What should I do if I change my mind after initiating the password change?," ""user_account_change_password"""
Can I change my password from a different device?," ""user_account_change_password"""
What are the reasons my password change request might be denied?," ""user_account_change_password"""
"I changed my password, but I'm not receiving notifications. What's wrong?"," ""user_account_change_password"""
How can I make sure that my password is not easily guessable?," ""user_account_change_password"""
Can I change my password if my account is currently suspended?," ""user_account_change_password"""
Is there a cooldown period between consecutive password changes?," ""user_account_change_password"""
Can I use a password manager to change my account password?," ""user_account_change_password"""
I want to switch to a more secure password. Is that allowed?," ""user_account_change_password"""
Does the password change affect my subscription or premium features?," ""user_account_change_password"""
Can I change my password if I'm part of a family account?," ""user_account_change_password"""
Are there any age restrictions for changing the password on my account?," ""user_account_change_password"""
"I changed my password, but my profile picture is not updating. Why is that?"," ""user_account_change_password"""
"I updated my password, but my username is still showing the old one. How to fix it?"," ""user_account_change_password"""
Can I change my password without providing my full name?," ""user_account_change_password"""
Is it possible to change my password if I'm using a temporary one?," ""user_account_change_password"""
Can I change my password if I have pending transactions or orders?," ""user_account_change_password"""
Will my password preferences be retained after the change?," ""user_account_change_password"""
"I changed my password, but my account preferences were reset. What happened?"," ""user_account_change_password"""
Can I change my password if my account is linked to social media?," ""user_account_change_password"""
I want to update my password to improve account security. Any recommendations?," ""user_account_change_password"""
Is there a limit on the length of the new password?," ""user_account_change_password"""
I received a security alert after changing my password. What should I do?," ""user_account_change_password"""
How can I confirm that my password change was successful?," ""user_account_change_password"""
Can I use a passphrase instead of a traditional password for extra security?," ""user_account_change_password"""
Is there a grace period to undo the password change if I encounter issues?," ""user_account_change_password"""
"I changed my password, but I'm not receiving the verification code. What's wrong?"," ""user_account_change_password"""
Can I use a password associated with a different account for my account?," ""user_account_change_password"""
"I updated my password, but my account history seems to be missing. Is this normal?"," ""user_account_change_password"""
Can I change my password while I have an ongoing support ticket?," ""user_account_change_password"""
Is there an option to schedule a password change for a future date?," ""user_account_change_password"""
I want to change my password to match my new username. Is that possible?," ""user_account_change_password"""
Can I change my password if I'm part of a beta testing program?," ""user_account_change_password"""
"I updated my password, but my account balance is not reflecting the change. Why?"," ""user_account_change_password"""
Can I change my password if I have a shared account with others?," ""user_account_change_password"""
I'm traveling and need to update my password. Can I do it from a different location?," ""user_account_change_password"""
Is there a limit on the number of characters in the new password?," ""user_account_change_password"""
Can I change my password if my account is associated with a business?," ""user_account_change_password"""
"I changed my password, but I'm not receiving the newsletter. How to fix it?"," ""user_account_change_password"""
How can I ensure that important emails are not lost during the password change?," ""user_account_change_password"""
Can I change my password if my account is part of a loyalty program?," ""user_account_change_password"""
Is there a limit on how frequently I can request a password change?," ""user_account_change_password"""
"I changed my password, but my account level and permissions are not updated. Why?"," ""user_account_change_password"""
Can I change my password if my account is connected to third-party services?," ""user_account_change_password"""
"I updated my password, but my account recovery options remain the same. Is this normal?"," ""user_account_change_password"""
Is there an option to receive notifications about the password change status?," ""user_account_change_password"""
"I changed my password, but my account profile details are not updated. How can I fix it?"," ""user_account_change_password"""
Can I change my password if I have an active subscription?," ""user_account_change_password"""
Is there a limit on the number of password changes I can make in a year?," ""user_account_change_password"""
Is it possible to change my password while I have pending transactions or orders?," ""user_account_change_password"""
How quickly does the password change take effect?," ""user_account_change_password"""
Can I change my password to a passphrase for added security?," ""user_account_change_password"""
What happens if I forget to update my password after the change?," ""user_account_change_password"""
I'm not receiving the verification code after changing my password. What should I do?," ""user_account_change_password"""
Can I revert to my previous password if I encounter issues with the new one?," ""user_account_change_password"""
What precautions should I take before initiating a password change?," ""user_account_change_password"""
"I updated my password, but my account notifications are going to the old address. Why?"," ""user_account_change_password"""
Can I change my password to an alias instead of a traditional one?," ""user_account_change_password"""
What happens to emails sent to my old address after I change my password?," ""user_account_change_password"""
Is there a grace period during which I can undo the password change?," ""user_account_change_password"""
"I changed my password, but my account balance is not updating. What should I do?"," ""user_account_change_password"""
Can I change my password if my account is associated with a username instead of a real name?," ""user_account_change_password"""
How often should I update my password for security reasons?," ""user_account_change_password"""
"I updated my password, but my account recovery options are not reflecting the change. Why?"," ""user_account_change_password"""
Is it possible to change my password while my account is under review?," ""user_account_change_password"""
I want to change my password to match my new account username. Can I do that?," ""user_account_change_password"""
Is there a limit on the number of password changes I can make in a month?," ""user_account_change_password"""
How can I update my password if I no longer have access to the old password?," ""user_account_change_password"""
"I changed my password, but my account preferences are not reflecting the update. How to fix it?"," ""user_account_change_password"""
Can I change my password if I have a custom domain associated with my account?," ""user_account_change_password"""
I received a notification about a password change request that I didn't initiate. What should I do?," ""user_account_change_password"""
Is there an option to cancel the password change request after it's initiated?," ""user_account_change_password"""
I'm concerned about privacy. How is my old password handled after the change?," ""user_account_change_password"""
Can I change my password if I have an ongoing dispute or issue with the account?," ""user_account_change_password"""
"I changed my password, but I'm not receiving the account verification emails. How to troubleshoot?"," ""user_account_change_password"""
Is there a limit on the number of password change requests I can make in a month?," ""user_account_change_password"""
How can I change my account username?," ""user_account_change_username"""
What's the process for updating my username?," ""user_account_change_username"""
I want to change my username. How can I do that?," ""user_account_change_username"""
Can you guide me on changing my account username?," ""user_account_change_username"""
Tell me the steps to change my account username.," ""user_account_change_username"""
I'm looking to change my account username. How can I proceed?," ""user_account_change_username"""
Is there a confirmation step after changing my account username?," ""user_account_change_username"""
How frequently can I change my account username?," ""user_account_change_username"""
Is there a limit on how many times I can update my username?," ""user_account_change_username"""
I want to switch to a new username. What's the process?," ""user_account_change_username"""
Can I change my username without verifying it again?," ""user_account_change_username"""
What happens to my account information when I change my username?," ""user_account_change_username"""
Where can I check the status of my username change request?," ""user_account_change_username"""
I'm having trouble changing my username. Can you assist?," ""user_account_change_username"""
Are there any restrictions on the characters I can use in my username?," ""user_account_change_username"""
How long does it take for the username change to take effect?," ""user_account_change_username"""
What should I do if I didn't receive the username change confirmation?," ""user_account_change_username"""
"I want to change my username, but I'm not sure how to choose a good one. Any tips?"," ""user_account_change_username"""
Can I change my username to one I used before?," ""user_account_change_username"""
I want to revert to my previous username. Is that possible?," ""user_account_change_username"""
Is it necessary to log out and log back in after changing my username?," ""user_account_change_username"""
Does changing my username affect my account settings?," ""user_account_change_username"""
How can I ensure the security of my account during the username change?," ""user_account_change_username"""
Can I use special characters in my new username?," ""user_account_change_username"""
What happens if I accidentally entered the wrong username during the change?," ""user_account_change_username"""
I'm concerned about privacy. Can you explain the verification process?," ""user_account_change_username"""
Are there any restrictions on the length of the new username?," ""user_account_change_username"""
Is it possible to change my username on the mobile app?," ""user_account_change_username"""
Can I change my username using the customer support service?," ""user_account_change_username"""
I need assistance with the username change process. How can I contact support?," ""user_account_change_username"""
What information do I need to provide when changing my username?," ""user_account_change_username"""
Are there any fees associated with changing my account username?," ""user_account_change_username"""
Can I change my username if I've forgotten my current one?," ""user_account_change_username"""
"I want to update my username, but I don't remember my security questions."," ""user_account_change_username"""
Is it possible to change my username without logging into my account?," ""user_account_change_username"""
Can I request a username change through a phone call?," ""user_account_change_username"""
I received a notification about my username change. Is it legitimate?," ""user_account_change_username"""
How can I check the status of my pending username change?," ""user_account_change_username"""
Is there a specific time frame during which I can request a username change?," ""user_account_change_username"""
What should I do if I change my mind after initiating the username change?," ""user_account_change_username"""
Can I change my username from a different device?," ""user_account_change_username"""
What are the reasons my username change request might be denied?," ""user_account_change_username"""
"I changed my username, but I'm not receiving notifications. What's wrong?"," ""user_account_change_username"""
How can I make sure that my new username is unique?," ""user_account_change_username"""
Can I change my username if my account is currently suspended?," ""user_account_change_username"""
Is there a cooldown period between consecutive username changes?," ""user_account_change_username"""
Can I use a username associated with a different account for my current one?," ""user_account_change_username"""
I want to switch to a more professional username. Is that allowed?," ""user_account_change_username"""
Does the username change affect my subscription or premium features?," ""user_account_change_username"""
Can I change my username if I'm part of a family account?," ""user_account_change_username"""
Are there any age restrictions for changing the username on my account?," ""user_account_change_username"""
"I changed my username, but my profile picture is not updating. Why is that?"," ""user_account_change_username"""
"I updated my username, but my bio and details are not reflecting the change. How to fix it?"," ""user_account_change_username"""
Can I change my username without providing my full name?," ""user_account_change_username"""
Is it possible to change my username if I'm using a temporary one?," ""user_account_change_username"""
Can I change my username if I have pending transactions or orders?," ""user_account_change_username"""
Will my username preferences be retained after the change?," ""user_account_change_username"""
"I changed my username, but my account preferences were reset. What happened?"," ""user_account_change_username"""
Can I change my username if my account is linked to social media?," ""user_account_change_username"""
I want to update my username to improve account visibility. Any recommendations?," ""user_account_change_username"""
Is there a limit on the length of the new username?," ""user_account_change_username"""
I received a security alert after changing my username. What should I do?," ""user_account_change_username"""
How can I confirm that my username change was successful?," ""user_account_change_username"""
Is there a grace period to undo the username change if I encounter issues?," ""user_account_change_username"""
"I changed my username, but my account level and permissions are not updated. What should I do?"," ""user_account_change_username"""
Can I change my username if my account is connected to third-party services?," ""user_account_change_username"""
"I updated my username, but my account recovery options remain the same. Is this normal?"," ""user_account_change_username"""
Is there an option to receive notifications about the username change status?," ""user_account_change_username"""
"I changed my username, but my account profile details are not reflecting the change. How can I fix it?"," ""user_account_change_username"""
Can I change my username if I have an active subscription?," ""user_account_change_username"""
Is there a limit on the number of username changes I can make in a year?," ""user_account_change_username"""
Can I change my username if I'm part of a beta testing program?," ""user_account_change_username"""
Is it possible to change my username while I have pending transactions or orders?," ""user_account_change_username"""
Is there a limit on the number of characters in the new username?," ""user_account_change_username"""
Can I change my username if my account is associated with a business?," ""user_account_change_username"""
"I changed my username, but I'm not receiving the newsletter. How to fix it?"," ""user_account_change_username"""
How can I ensure that important emails are not lost during the username change?," ""user_account_change_username"""
Can I change my username if my account is part of a loyalty program?," ""user_account_change_username"""
Is there a limit on how frequently I can request a username change?," ""user_account_change_username"""
"I changed my username, but my account level and permissions are not updated. Why?"," ""user_account_change_username"""
"I changed my username, but my account profile details are not updating. How can I fix it?"," ""user_account_change_username"""
Is it advisable to change my username during peak hours on the platform?," ""user_account_change_username"""
"I changed my username, but my account balance is not reflecting the change. Why?"," ""user_account_change_username"""
Can I change my username if I have a shared account with others?," ""user_account_change_username"""
I'm traveling and need to update my username. Can I do it from a different location?," ""user_account_change_username"""
"I changed my username, but my account profile details are not updating. How can I fix this?"," ""user_account_change_username"""
"I changed my username, but my account level and permissions are not updating. What should I do?"," ""user_account_change_username"""
How often should I update my username for security reasons?," ""user_account_change_username"""
How can I retrieve my account password if I forget it?," ""user_info_query"""
I forgot my password. What steps should I take to recover it?," ""user_info_query"""
Can I reset my account password if I can't remember it?," ""user_info_query"""
What's the process for recovering a forgotten password?," ""user_info_query"""
Is there a way to recover my password if I lose access to my email?," ""user_info_query"""
Can you guide me through the steps to recover my forgotten password?," ""user_info_query"""
Is there a recommended way to create a strong and secure password?," ""user_info_query"""
Can I retrieve my password if I remember my current one?," ""user_info_query"""
What are the password requirements for my account?," ""user_info_query"""
Is there a grace period to undo a password change if I encounter issues?," ""user_info_query"""
How can I check the email associated with my account?," ""user_info_query"""
What steps should I take if I forget the email linked to my account?," ""user_info_query"""
Is there a way to recover my account if I lose access to the linked email?," ""user_info_query"""
How do I find information about the email linked to my account?," ""user_info_query"""
Can I change the email associated with my account?," ""user_info_query"""
Can I retrieve my account full name if I forget it?," ""user_info_query"""
I forgot the full name linked to my account. How can I recover it?," ""user_info_query"""
What should I do if I can't remember the full name I used to sign up?," ""user_info_query"""
How can I check the full name associated with my account?," ""user_info_query"""
Can I change the full name associated with my account?," ""user_info_query"""
I need help recovering my account full name. Can you assist me?," ""user_info_query"""
Can I retrieve information about my account without logging in?," ""user_info_query"""
Is there a way to access my account details without providing a password?," ""user_info_query"""
How do I check the security settings of my account?," ""user_info_query"""
What information can I access without logging into my account?," ""user_info_query"""
Can I view my account activity without logging in?," ""user_info_query"""
Is there a way to check if my account has been compromised?," ""user_info_query"""
How can I verify the security of my account?," ""user_info_query"""
Is it possible to retrieve my account information using two-factor authentication?," ""user_info_query"""
Can I check the login history of my account?," ""user_info_query"""
How do I find out when my account was last accessed?," ""user_info_query"""
Can I retrieve information about my account sessions?," ""user_info_query"""
Is there a way to check if someone else is accessing my account?," ""user_info_query"""
Can I receive notifications about account activity?," ""user_info_query"""
Is there a way to set up alerts for suspicious account activity?," ""user_info_query"""
How can I check the devices linked to my account?," ""user_info_query"""
Can I view the devices that have accessed my account?," ""user_info_query"""
What should I do if I receive an alert about an unrecognized device accessing my account?," ""user_info_query"""
How do I check the status of my account recovery options?," ""user_info_query"""
Can I verify the contact information linked to my account?," ""user_info_query"""
What steps should I take to update my account recovery options?," ""user_info_query"""
Is there a way to confirm that my account recovery options are up to date?," ""user_info_query"""
Can I receive notifications about changes to my account recovery options?," ""user_info_query"""
How do I check the security questions linked to my account?," ""user_info_query"""
Can I update the security questions associated with my account?," ""user_info_query"""
What should I do if I forget the answers to my security questions?," ""user_info_query"""
Is there a way to retrieve my account information using biometric authentication?," ""user_info_query"""
Can I use fingerprint or face recognition to access my account details?," ""user_info_query"""
How can I confirm that my account information is secure?," ""user_info_query"""
Can I check if my account is part of any connected services or integrations?," ""user_info_query"""
What steps should I take if I want to disconnect a third-party service from my account?," ""user_info_query"""
Is there a way to view the permissions granted to third-party services linked to my account?," ""user_info_query"""
Can I retrieve information about my account's usage history?," ""user_info_query"""
How do I access my account usage statistics?," ""user_info_query"""
Can I view a log of my account activity over a specific period?," ""user_info_query"""
What steps should I take if I notice unusual activity in my account history?," ""user_info_query"""
Is there a way to check if my account is subject to any restrictions or limitations?," ""user_info_query"""
How can I confirm the status of my account?," ""user_info_query"""
Can I check the details of my account membership or subscription?," ""user_info_query"""
What information is available about my account plan or tier?," ""user_info_query"""
Is there a way to verify the billing details associated with my account?," ""user_info_query"""
How can I retrieve information about my account's transaction history?," ""user_info_query"""
Can I view details about my account orders or purchases?," ""user_info_query"""
What should I do if I encounter issues with my account billing or payments?," ""user_info_query"""
Is there a way to check if my account is eligible for promotions or discounts?," ""user_info_query"""
How can I access information about my account preferences and settings?," ""user_info_query"""
Can I view and customize the settings of my account?," ""user_info_query"""
What steps should I take to update my account preferences?," ""user_info_query"""
Is there a way to check the status of my account preferences changes?," ""user_info_query"""
How do I confirm that changes to my account preferences are saved?," ""user_info_query"""
Can I retrieve information about my account profile picture?," ""user_info_query"""
How do I view or update my account profile picture?," ""user_info_query"""
Is there a way to check the status of my account profile updates?," ""user_info_query"""
Can I retrieve information about my account's privacy settings?," ""user_info_query"""
How do I access and modify the privacy settings of my account?," ""user_info_query"""
Is there a way to confirm that changes to my account privacy settings are applied?," ""user_info_query"""
Can I retrieve information about my account's notification settings?," ""user_info_query"""
How do I access and customize the notification settings of my account?," ""user_info_query"""
Is there a way to confirm that changes to my account notification settings are effective?," ""user_info_query"""
Can I retrieve information about my account's communication preferences?," ""user_info_query"""
How do I access and update the communication preferences of my account?," ""user_info_query"""
Is there a way to check the status of changes to my account communication preferences?," ""user_info_query"""
Can I retrieve information about my account's language and region settings?," ""user_info_query"""
How do I view and modify the language and region settings of my account?," ""user_info_query"""
Is there a way to confirm that changes to my account's language and region settings are implemented?," ""user_info_query"""
How can I check the status of my account security features?," ""user_info_query"""
Can I access a summary of the security measures applied to my account?," ""user_info_query"""
How do I confirm that my account recovery options are set up correctly?," ""user_info_query"""
Is there a way to verify that my account recovery email is active?," ""user_info_query"""
Can I receive alerts if my account password is changed?," ""user_info_query"""
How can I check if my account is enrolled in multi-factor authentication?," ""user_info_query"""
Can I view the devices currently logged into my account?," ""user_info_query"""
What steps should I take if I receive an unexpected login notification?," ""user_info_query"""
Is there a way to confirm the authenticity of emails claiming to be from my account provider?," ""user_info_query"""
How do I check the devices that have accessed my account in the past week?," ""user_info_query"""
Can I receive notifications for suspicious login attempts on my account?," ""user_info_query"""
How can I confirm that my account information is not shared with third parties?," ""user_info_query"""
Can I check which third-party services have access to my account data?," ""user_info_query"""
Is there a way to review and revoke permissions granted to connected services?," ""user_info_query"""
How do I ensure that my account information is not used for targeted advertising?," ""user_info_query"""
Can I access a log of recent changes made to my account?," ""user_info_query"""
Is there a way to track modifications to my account settings?," ""user_info_query"""
How do I confirm that recent changes to my account were authorized?," ""user_info_query"""
Can I retrieve information about my account login attempts in the last month?," ""user_info_query"""
How can I check if my account has been flagged for suspicious activity?," ""user_info_query"""
Is there a way to dispute or appeal an account restriction?," ""user_info_query"""
How do I confirm that my account complies with platform guidelines and policies?," ""user_info_query"""
Can I access a summary of my account usage patterns over the last year?," ""user_info_query"""
Is there a way to view the historical activity of my account?," ""user_info_query"""
How do I verify the status of my account subscription or membership?," ""user_info_query"""
Can I access details about the benefits included in my account plan?," ""user_info_query"""
Is there a way to confirm the billing cycle and payment methods associated with my account?," ""user_info_query"""
How can I retrieve information about my account's past transactions?," ""user_info_query"""
Can I access a summary of my account's purchase and order history?," ""user_info_query"""
Is there a way to check the shipping status of recent orders placed through my account?," ""user_info_query"""
How do I confirm that my account information is secure during online transactions?," ""user_info_query"""
Can I retrieve information about my account's eligibility for special offers?," ""user_info_query"""
Is there a way to check if my account has active promotions or discounts?," ""user_info_query"""
How do I access and customize the privacy settings of my account?," ""user_info_query"""
Can I confirm that my account privacy preferences are applied to all my activities?," ""user_info_query"""
Is there a way to view the data shared with third-party applications through my account?," ""user_info_query"""
How can I control the information visible to other users on my account profile?," ""user_info_query"""
Can I retrieve information about my account's notification preferences?," ""user_info_query"""
How do I confirm that changes to my account notification settings are saved?," ""user_info_query"""
Can I access details about my account communication preferences?," ""user_info_query"""
Is there a way to verify that changes to my account communication preferences are effective?," ""user_info_query"""
How can I retrieve information about my account's language and region settings?," ""user_info_query"""
Can I confirm that changes to my account's language and region settings are reflected?," ""user_info_query"""
Is there a way to view the recent changes made to my account profile picture?," ""user_info_query"""
How do I confirm that my account profile picture is visible to other users?," ""user_info_query"""
Can I retrieve information about my account's active sessions and logouts?," ""user_info_query"""
How can I check the status of my account's privacy and data protection compliance?," ""user_info_query"""
Can I access information about the security audits conducted on my account?," ""user_info_query"""
Is there a way to confirm that my account information is handled in compliance with data protection laws?," ""user_info_query"""
How do I check if my account preferences are consistent across different devices?," ""user_info_query"""
Can I retrieve information about my account's participation in beta testing programs?," ""user_info_query"""
Is there a way to view and manage the permissions granted to my account by third-party applications?," ""user_info_query"""
How can I confirm that my account is not subject to any ongoing investigations or disputes?," ""user_info_query"""
Can I access information about the reviews and feedback submitted by other users about my account?," ""user_info_query"""
Is there a way to verify that my account complies with community guidelines and standards?," ""user_info_query"""
Can I check the devices connected to my account for potential security risks?," ""user_info_query"""
What steps should I take if I believe my account information has been compromised?," ""user_info_query"""
How do I confirm that my account data is regularly backed up for security purposes?," ""user_info_query"""
Can I retrieve information about the account verification status and requirements?," ""user_info_query"""
How can I check if my account information is being used for automated decision-making processes?," ""user_info_query"""
Is there a way to confirm that my account data is not used for targeted profiling?," ""user_info_query"""
Can I retrieve information about the account termination process and consequences?," ""user_info_query"""
How do I confirm that my account information is permanently deleted upon termination?," ""user_info_query"""
Is there a way to verify the effectiveness of the account deletion request?," ""user_info_query"""
Can I access information about the account recovery process and options?," ""user_info_query"""
How do I check the status of my account recovery requests and their resolutions?," ""user_info_query"""
Can I retrieve information about the security measures applied during account recovery?," ""user_info_query"""
Is there a way to confirm that account recovery options are accessible to users with disabilities?," ""user_info_query"""
